INSERT INTO users (id, ft_login, ft_id, ft_is_staff, photo_url, last_seen, is_staff)
VALUES
  ('user_01HZXYZDE0420', 'heinz',    '220393', true,  'https://cdn.intra.42.fr/users/e02ff39566a64af026f137b30c18c3e4/heinz.png',      '2025-04-24 12:00:00', true),
  ('user_01HZXYZDE0430', 'ltcherep', '194037', false, 'https://cdn.intra.42.fr/users/2d49a08ed473a0705e7f7cfd5cd3ae72/ltcherep.jpg',   '2002-04-16 12:00:00', false),
  ('user_01HZXYZDE0440', 'tac',      '79125',  true,  'https://cdn.intra.42.fr/users/41714d1b596f06cc352f21791ee64096/tac.png',        '2003-04-16 12:00:00', true),
  ('user_01HZXYZDE0450', 'rose',     '188547',  true, 'https://cdn.intra.42.fr/users/8d185c6e0587ce836f0185e05daa5b13/rose.jpg',       '2004-04-16 12:00:00', false),
  ('user_01HZXYZDE0451', 'anissa', '188548',  true, 'https://cdn.intra.42.fr/users/43445ac80da38e73e2af06b5897339fd/anissa.jpg',     '1999-04-18 12:00:00', false),
  ('user_01HZXYZDE0460', 'yoshi',    '78574',  true,  'https://cdn.intra.42.fr/users/dc17821ef0dc39f998f340e9db0fe604/yoshi.jpg',    '2001-04-16 12:00:00', true),
  ('user_5b2a9c752fef4c81', 'alice', '292511', true, 'https://cdn.intra.42.fr/users/43445ac80da38e73e2af06b5897339fd/anissa.jpg', '2024-05-20 18:28:00', false),
  ('user_f9cea0b13b074b3d', 'bob', '730893', true, 'https://cdn.intra.42.fr/users/43445ac80da38e73e2af06b5897339fd/anissa.jpg', '2024-07-04 20:56:00', false),
  ('user_b073537987694823', 'charlie', '795842', true, 'https://cdn.intra.42.fr/users/43445ac80da38e73e2af06b5897339fd/anissa.jpg', '2024-12-21 21:47:00', true),
  ('user_c2398606b6a24d22', 'dave', '554343', true, 'https://cdn.intra.42.fr/users/43445ac80da38e73e2af06b5897339fd/anissa.jpg', '2025-02-01 02:27:00', true),
  ('user_e243147e07c442c2', 'eve', '733657', false, 'https://cdn.intra.42.fr/users/43445ac80da38e73e2af06b5897339fd/anissa.jpg', '2024-07-02 04:35:00', false),
  ('user_8b440edcf1aa45a2', 'frank', '102265', true, 'https://cdn.intra.42.fr/users/43445ac80da38e73e2af06b5897339fd/anissa.jpg', '2024-12-02 02:35:00', false),
  ('user_609f7878af964261', 'grace', '739127', false, 'https://cdn.intra.42.fr/users/43445ac80da38e73e2af06b5897339fd/anissa.jpg', '2024-05-29 19:24:00', false),
  ('user_7a2312d121d7482d', 'heidi', '734734', false, 'https://cdn.intra.42.fr/users/43445ac80da38e73e2af06b5897339fd/anissa.jpg', '2025-01-29 18:54:00', true),
  ('user_3ff09b8e9c884fa2', 'ivan', '672875', false, 'https://cdn.intra.42.fr/users/43445ac80da38e73e2af06b5897339fd/anissa.jpg', '2025-04-04 09:57:00', false),
  ('user_f2ecf9a434d74021', 'judy', '132431', false, 'https://cdn.intra.42.fr/users/43445ac80da38e73e2af06b5897339fd/anissa.jpg', '2024-09-21 17:42:00', false),
  ('user_ebd581eea1f94a48', 'mallory', '733914', false, 'https://cdn.intra.42.fr/users/43445ac80da38e73e2af06b5897339fd/anissa.jpg', '2024-08-04 16:36:00', false),
  ('user_86f745ca07ff47f0', 'oscar', '592416', true, 'https://cdn.intra.42.fr/users/43445ac80da38e73e2af06b5897339fd/anissa.jpg', '2025-05-04 18:16:00', false),
  ('user_5c24055678ff4f04', 'peggy', '261749', true, 'https://cdn.intra.42.fr/users/43445ac80da38e73e2af06b5897339fd/anissa.jpg', '2024-11-18 22:19:00', true),
  ('user_0052ca27604c4b4b', 'rupert', '759125', false, 'https://cdn.intra.42.fr/users/43445ac80da38e73e2af06b5897339fd/anissa.jpg', '2025-05-20 14:38:00', true),
  ('user_f03354d5fab74546', 'sybil', '365720', false, 'https://cdn.intra.42.fr/users/43445ac80da38e73e2af06b5897339fd/anissa.jpg', '2024-07-20 09:31:00', true),
  ('user_3a356a0c22054058', 'trent', '514864', false, 'https://cdn.intra.42.fr/users/43445ac80da38e73e2af06b5897339fd/anissa.jpg', '2025-03-25 09:35:00', false),
  ('user_a97d62681d7e4996', 'victor', '587461', true, 'https://cdn.intra.42.fr/users/43445ac80da38e73e2af06b5897339fd/anissa.jpg', '2025-04-25 13:58:00', false),
  ('user_bf82edc0b25347ef', 'walter', '274557', true, 'https://cdn.intra.42.fr/users/43445ac80da38e73e2af06b5897339fd/anissa.jpg', '2024-05-28 00:09:00', true),
  ('user_ebca84d628644380', 'xavier', '523587', false, 'https://cdn.intra.42.fr/users/43445ac80da38e73e2af06b5897339fd/anissa.jpg', '2024-11-07 17:24:00', true),
  ('user_00240e4f5672459f', 'yolanda', '421329', true, 'https://cdn.intra.42.fr/users/43445ac80da38e73e2af06b5897339fd/anissa.jpg', '2025-02-27 20:17:00', false),
  ('user_0a52731cad824215', 'zach', '100469', true, 'https://cdn.intra.42.fr/users/43445ac80da38e73e2af06b5897339fd/anissa.jpg', '2025-05-15 20:12:00', true),
  ('user_4435a94c1fa74ca6', 'mia', '240261', false, 'https://cdn.intra.42.fr/users/43445ac80da38e73e2af06b5897339fd/anissa.jpg', '2024-10-30 15:37:00', false),
  ('user_1c924032e0d64d81', 'noah', '572759', true, 'https://cdn.intra.42.fr/users/43445ac80da38e73e2af06b5897339fd/anissa.jpg', '2024-10-27 21:11:00', true),
  ('user_882aa6adb7ab4081', 'olivia', '671203', true, 'https://cdn.intra.42.fr/users/43445ac80da38e73e2af06b5897339fd/anissa.jpg', '2024-11-21 12:53:00', false),
  ('user_3d05b82412a243ef', 'liam', '255278', true, 'https://cdn.intra.42.fr/users/43445ac80da38e73e2af06b5897339fd/anissa.jpg', '2024-06-15 03:15:00', false),
  ('user_b34c7540be544f00', 'emma', '997775', true, 'https://cdn.intra.42.fr/users/43445ac80da38e73e2af06b5897339fd/anissa.jpg', '2025-04-25 16:48:00', false),
  ('user_1b8fec0a3d3d42ed', 'sophia', '597460', false, 'https://cdn.intra.42.fr/users/43445ac80da38e73e2af06b5897339fd/anissa.jpg', '2024-08-13 18:38:00', false),
  ('user_d0a0f8ac67ad4d1c', 'logan', '693210', true, 'https://cdn.intra.42.fr/users/43445ac80da38e73e2af06b5897339fd/anissa.jpg', '2025-04-20 07:10:00', true),
  ('user_08709f24e1654487', 'ava', '792077', false, 'https://cdn.intra.42.fr/users/43445ac80da38e73e2af06b5897339fd/anissa.jpg', '2025-01-05 12:19:00', true),
  ('user_17f38dcc3c0b4a4a', 'ethan', '586788', true, 'https://cdn.intra.42.fr/users/43445ac80da38e73e2af06b5897339fd/anissa.jpg', '2025-04-09 20:35:00', false);

INSERT INTO modules (id, name, version, status, url, icone_url, latest_version, late_commits, last_update)
VALUES
  ('module_01HZXYZDE0420','captain-hook',    '1.2','enabled', 'https://github.com/42nice/captain-hook', 'https://cdn.intra.42.fr/users/43445ac80da38e73e2af06b5897339fd/anissa.jpg',    '1.7',5,'2025-04-16 12:00:00+00'),
  ('module_01HZXYZDE0430','adm-stud',        '1.5','enabled', 'https://github.com/42nice/adm-stud', 'https://cdn.intra.42.fr/users/43445ac80da38e73e2af06b5897339fd/anissa.jpg',         '1.5',0,'2025-04-16 12:00:00+00'),
  ('module_01HZXYZDE0440','adm-manager',     '1.0','enabled', 'https://github.com/42nice/adm-manager', 'https://cdn.intra.42.fr/users/43445ac80da38e73e2af06b5897339fd/anissa.jpg',      '1.0',0,'2025-04-16 12:00:00+00'),
  ('module_01HZXYZDE0450','student-info',    '1.8','enabled', 'https://github.com/42nice/student-info', 'https://cdn.intra.42.fr/users/43445ac80da38e73e2af06b5897339fd/anissa.jpg',     '1.9',1,'2025-04-16 12:00:00+00'),
  ('module_01HZXYZDE0460','role-manager',    '1.0','enabled', 'https://github.com/42nice/role-manager', 'https://cdn.intra.42.fr/users/43445ac80da38e73e2af06b5897339fd/anissa.jpg',     '1.0',0,'2025-04-20 12:00:00+00'),
  ('module_01HZXYZDE0461','role-editor',     '1.1','enabled', 'https://github.com/42nice/role-editor', 'https://cdn.intra.42.fr/users/43445ac80da38e73e2af06b5897339fd/anissa.jpg',      '1.1',2,'2025-04-20 12:00:00+00'),
  ('module_01HZXYZDE0462','support-tool',    '2.0','enabled', 'https://github.com/42nice/support-tool', 'https://cdn.intra.42.fr/users/43445ac80da38e73e2af06b5897339fd/anissa.jpg',     '2.0',1,'2025-04-20 12:00:00+00'),
  ('module_01HZXYZDE0463','analytics',       '3.2','enabled', 'https://github.com/42nice/analytics', 'https://cdn.intra.42.fr/users/43445ac80da38e73e2af06b5897339fd/anissa.jpg',        '3.2',4,'2025-04-20 12:00:00+00'),
  ('module_01HZXYZDE0464','design-proto',    '0.9','enabled', 'https://github.com/42nice/design-proto', 'https://cdn.intra.42.fr/users/43445ac80da38e73e2af06b5897339fd/anissa.jpg',     '0.9',0,'2025-04-20 12:00:00+00'),
  ('module_01HZXYZDE0465','test-suite',      '5.4','enabled', 'https://github.com/42nice/test-suite', 'https://cdn.intra.42.fr/users/43445ac80da38e73e2af06b5897339fd/anissa.jpg',       '5.4',3,'2025-04-20 12:00:00+00'),
  ('module_01HZXYZDE0466','deploy-automate', '1.5','enabled', 'https://github.com/42nice/deploy-automate', 'https://cdn.intra.42.fr/users/43445ac80da38e73e2af06b5897339fd/anissa.jpg',  '1.5',0,'2025-04-20 12:00:00+00'),
  ('module_01HZXYZDE0467','strategy-dash',   '4.0','enabled', 'https://github.com/42nice/strategy-dash', 'https://cdn.intra.42.fr/users/43445ac80da38e73e2af06b5897339fd/anissa.jpg',    '4.0',2,'2025-04-20 12:00:00+00'),
  ('module_01HZXYZDE0468','zorbi-app',       '1.0','disabled','https://example.com/zorbi', 'https://cdn.intra.42.fr/users/43445ac80da38e73e2af06b5897339fd/anissa.jpg',                  '1.0',0,'2025-04-21 08:00:00+00'),
  ('module_01HZXYZDE0469','alpha-tool',      '2.2','disabled','https://example.com/alpha', 'https://cdn.intra.42.fr/users/43445ac80da38e73e2af06b5897339fd/anissa.jpg',                  '2.2',1,'2025-04-21 08:00:00+00'),
  ('module_01HZXYZDE0470','beta-service',    '3.5','enabled', 'https://example.com/beta', 'https://cdn.intra.42.fr/users/43445ac80da38e73e2af06b5897339fd/anissa.jpg',                   '3.5',1,'2025-04-21 08:00:00+00');

INSERT INTO roles (id, name, color)
VALUES
  ('role_01HZXYZDE0420', 'Student',     '0xFFB347'),
  ('role_01HZXYZDE0430', 'ADM',         '0x77DD77'),
  ('role_01HZXYZDE0440', 'Pedago',      '0xAEC6CF'),
  ('role_01HZXYZDE0450', 'Cluster',     '0xFF6961'),
  ('role_01HZXYZDE0400', 'Stagiaire',   '0xCB99C9'),
  ('role_01HZXYZDE0410', 'IT',          '0xFDFD96'),
  ('role_01HZXYZDE0460', 'Reviewer',    '0x84B6F4'),
  ('role_01HZXYZDE0461', 'Editor',      '0xFFB5E8'),
  ('role_01HZXYZDE0462', 'Manager',     '0xB39EB5'),
  ('role_01HZXYZDE0463', 'Support',     '0xFFDAC1'),
  ('role_01HZXYZDE0464', 'Operator',    '0xB5EAD7'),
  ('role_01HZXYZDE0465', 'Guest',       '0xFF9CEE'),
  ('role_01HZXYZDE0466', 'Developer',   '0xA9DEF9'),
  ('role_01HZXYZDE0467', 'Analyst',     '0xE2F0CB'),
  ('role_01HZXYZDE0468', 'Designer',    '0xF5B7B1'),
  ('role_01HZXYZDE0469', 'Tester',      '0xD7BDE2'),
  ('role_01HZXYZDE0470', 'Maintainer',  '0xAED581'),
  ('role_01HZXYZDE0471', 'Contributor', '0xFFABAB'),
  ('role_01HZXYZDE0472', 'Owner',       '0xF9E79F'),
  ('role_01HZXYZDE0473', 'SuperAdmin',  '0xA3E4D7'),
  ('role_01HZXYZDE0474', 'Moderator',   '0xF8C471'),
  ('role_01HZXYZDE0475', 'Auditor',     '0xB2EBF2'),
  ('role_01HZXYZDE0476', 'Architect',   '0xFADADD'),
  ('role_01HZXYZDE0477', 'Coordinator', '0xC8A2C8'),
  ('role_01HZXYZDE0478', 'Planner',     '0x98FB98'),
  ('role_01HZXYZDE0479', 'Strategist',  '0xB0E0E6');

INSERT INTO user_roles (user_id, role_id)
VALUES
  ('user_01HZXYZDE0420', 'role_01HZXYZDE0460'), -- heinz Stagiaire
  ('user_01HZXYZDE0430', 'role_01HZXYZDE0420'), -- ltcherep Student
  ('user_01HZXYZDE0440', 'role_01HZXYZDE0440'), -- tac Pedago
  ('user_01HZXYZDE0440', 'role_01HZXYZDE0430'), -- tac ADM
  ('user_01HZXYZDE0440', 'role_01HZXYZDE0450'), -- tac Cluster
  ('user_01HZXYZDE0440', 'role_01HZXYZDE0470'), -- tac IT
  ('user_01HZXYZDE0460', 'role_01HZXYZDE0440'), -- Yoshi Pedago
  ('user_01HZXYZDE0460', 'role_01HZXYZDE0430'), -- Yoshi ADM
  ('user_01HZXYZDE0460', 'role_01HZXYZDE0450'), -- Yoshi Cluster
  ('user_01HZXYZDE0460', 'role_01HZXYZDE0470'), -- Yoshi IT
  ('user_01HZXYZDE0450', 'role_01HZXYZDE0430'), -- Rose ADM
  ('user_01HZXYZDE0450', 'role_01HZXYZDE0450'), -- Rose Cluster
  ('user_01HZXYZDE0451', 'role_01HZXYZDE0420'), -- SomeUser Student
  ('user_5b2a9c752fef4c81', 'role_01HZXYZDE0420'),
  ('user_5b2a9c752fef4c81', 'role_01HZXYZDE0470'),
  ('user_f9cea0b13b074b3d', 'role_01HZXYZDE0420'),
  ('user_f9cea0b13b074b3d', 'role_01HZXYZDE0469'),
  ('user_b073537987694823', 'role_01HZXYZDE0420'),
  ('user_b073537987694823', 'role_01HZXYZDE0468'),
  ('user_c2398606b6a24d22', 'role_01HZXYZDE0420'),
  ('user_c2398606b6a24d22', 'role_01HZXYZDE0464'),
  ('user_e243147e07c442c2', 'role_01HZXYZDE0420'),
  ('user_e243147e07c442c2', 'role_01HZXYZDE0468'),
  ('user_8b440edcf1aa45a2', 'role_01HZXYZDE0420'),
  ('user_8b440edcf1aa45a2', 'role_01HZXYZDE0468'),
  ('user_609f7878af964261', 'role_01HZXYZDE0420'),
  ('user_609f7878af964261', 'role_01HZXYZDE0466'),
  ('user_7a2312d121d7482d', 'role_01HZXYZDE0420'),
  ('user_7a2312d121d7482d', 'role_01HZXYZDE0466'),
  ('user_3ff09b8e9c884fa2', 'role_01HZXYZDE0420'),
  ('user_3ff09b8e9c884fa2', 'role_01HZXYZDE0465'),
  ('user_f2ecf9a434d74021', 'role_01HZXYZDE0420'),
  ('user_f2ecf9a434d74021', 'role_01HZXYZDE0465'),
  ('user_ebd581eea1f94a48', 'role_01HZXYZDE0420'),
  ('user_ebd581eea1f94a48', 'role_01HZXYZDE0464'),
  ('user_86f745ca07ff47f0', 'role_01HZXYZDE0420'),
  ('user_86f745ca07ff47f0', 'role_01HZXYZDE0462'),
  ('user_5c24055678ff4f04', 'role_01HZXYZDE0420'),
  ('user_5c24055678ff4f04', 'role_01HZXYZDE0479'),
  ('user_0052ca27604c4b4b', 'role_01HZXYZDE0420'),
  ('user_0052ca27604c4b4b', 'role_01HZXYZDE0469'),
  ('user_f03354d5fab74546', 'role_01HZXYZDE0420'),
  ('user_f03354d5fab74546', 'role_01HZXYZDE0479'),
  ('user_3a356a0c22054058', 'role_01HZXYZDE0420'),
  ('user_3a356a0c22054058', 'role_01HZXYZDE0465'),
  ('user_a97d62681d7e4996', 'role_01HZXYZDE0420'),
  ('user_a97d62681d7e4996', 'role_01HZXYZDE0479'),
  ('user_bf82edc0b25347ef', 'role_01HZXYZDE0420'),
  ('user_bf82edc0b25347ef', 'role_01HZXYZDE0450'),
  ('user_ebca84d628644380', 'role_01HZXYZDE0420'),
  ('user_ebca84d628644380', 'role_01HZXYZDE0470'),
  ('user_00240e4f5672459f', 'role_01HZXYZDE0420'),
  ('user_00240e4f5672459f', 'role_01HZXYZDE0465'),
  ('user_0a52731cad824215', 'role_01HZXYZDE0420'),
  ('user_0a52731cad824215', 'role_01HZXYZDE0471'),
  ('user_4435a94c1fa74ca6', 'role_01HZXYZDE0420'),
  ('user_4435a94c1fa74ca6', 'role_01HZXYZDE0472'),
  ('user_1c924032e0d64d81', 'role_01HZXYZDE0420'),
  ('user_1c924032e0d64d81', 'role_01HZXYZDE0470'),
  ('user_882aa6adb7ab4081', 'role_01HZXYZDE0420'),
  ('user_882aa6adb7ab4081', 'role_01HZXYZDE0470'),
  ('user_3d05b82412a243ef', 'role_01HZXYZDE0420'),
  ('user_3d05b82412a243ef', 'role_01HZXYZDE0430'),
  ('user_b34c7540be544f00', 'role_01HZXYZDE0420'),
  ('user_b34c7540be544f00', 'role_01HZXYZDE0450'),
  ('user_1b8fec0a3d3d42ed', 'role_01HZXYZDE0420'),
  ('user_1b8fec0a3d3d42ed', 'role_01HZXYZDE0479'),
  ('user_d0a0f8ac67ad4d1c', 'role_01HZXYZDE0420'),
  ('user_d0a0f8ac67ad4d1c', 'role_01HZXYZDE0470'),
  ('user_08709f24e1654487', 'role_01HZXYZDE0420'),
  ('user_08709f24e1654487', 'role_01HZXYZDE0467'),
  ('user_17f38dcc3c0b4a4a', 'role_01HZXYZDE0420'),
  ('user_17f38dcc3c0b4a4a', 'role_01HZXYZDE0430');


INSERT INTO module_roles (module_id, role_id)
VALUES
  ('module_01HZXYZDE0420', 'role_01HZXYZDE0450'), -- captaine-hook IT
  ('module_01HZXYZDE0430', 'role_01HZXYZDE0420'), -- adm-stud Student
  ('module_01HZXYZDE0440', 'role_01HZXYZDE0430'), -- adm-manager ADM
  ('module_01HZXYZDE0450', 'role_01HZXYZDE0430'), -- adm-manager ADM
  ('module_01HZXYZDE0450', 'role_01HZXYZDE0440'), -- student-info Pedago
  ('module_01HZXYZDE0420', 'role_01HZXYZDE0469'),
  ('module_01HZXYZDE0420', 'role_01HZXYZDE0471'),
  ('module_01HZXYZDE0430', 'role_01HZXYZDE0472'),
  ('module_01HZXYZDE0430', 'role_01HZXYZDE0463'),
  ('module_01HZXYZDE0440', 'role_01HZXYZDE0472'),
  ('module_01HZXYZDE0440', 'role_01HZXYZDE0479'),
  ('module_01HZXYZDE0450', 'role_01HZXYZDE0468'),
  ('module_01HZXYZDE0450', 'role_01HZXYZDE0463'),
  ('module_01HZXYZDE0460', 'role_01HZXYZDE0467'),
  ('module_01HZXYZDE0460', 'role_01HZXYZDE0479'),
  ('module_01HZXYZDE0461', 'role_01HZXYZDE0469'),
  ('module_01HZXYZDE0461', 'role_01HZXYZDE0462'),
  ('module_01HZXYZDE0462', 'role_01HZXYZDE0472'),
  ('module_01HZXYZDE0462', 'role_01HZXYZDE0470'),
  ('module_01HZXYZDE0463', 'role_01HZXYZDE0463'),
  ('module_01HZXYZDE0463', 'role_01HZXYZDE0450'),
  ('module_01HZXYZDE0464', 'role_01HZXYZDE0467'),
  ('module_01HZXYZDE0464', 'role_01HZXYZDE0469'),
  ('module_01HZXYZDE0465', 'role_01HZXYZDE0472'),
  ('module_01HZXYZDE0465', 'role_01HZXYZDE0440'),
  ('module_01HZXYZDE0466', 'role_01HZXYZDE0410'),
  ('module_01HZXYZDE0466', 'role_01HZXYZDE0468'),
  ('module_01HZXYZDE0467', 'role_01HZXYZDE0410'),
  ('module_01HZXYZDE0467', 'role_01HZXYZDE0469');