INSERT INTO users (id, ft_login, ft_id, ft_is_staff, photo_url, last_seen, is_staff)
VALUES
  ('user_01HZXYZDE0420', 'heinz',    '220393', true,  'https://cdn.intra.42.fr/users/e02ff39566a64af026f137b30c18c3e4/heinz.png',    '2025-04-24 12:00:00', true),
  ('user_01HZXYZDE0430', 'ltcherep', '194037', false, 'https://cdn.intra.42.fr/users/2d49a08ed473a0705e7f7cfd5cd3ae72/ltcherep.jpg', '2002-04-16 12:00:00', false),
  ('user_01HZXYZDE0440', 'tac',      '79125',  true,  'https://cdn.intra.42.fr/users/41714d1b596f06cc352f21791ee64096/tac.png',      '2003-04-16 12:00:00', true),
  ('user_01HZXYZDE0450', 'rose',     '188547',  true, 'https://cdn.intra.42.fr/users/8d185c6e0587ce836f0185e05daa5b13/rose.jpg',     '2004-04-16 12:00:00', false),
  ('user_01HZXYZDE0451', 'SomeUser', '188548',  true, 'https://cdn.intra.42.fr/users/43445ac80da38e73e2af06b5897339fd/anissa.jpg',     '1999-04-18 12:00:00', false),
  ('user_01HZXYZDE0452', 'SomeUser', '188549',  true, 'https://cdn.intra.42.fr/users/43445ac80da38e73e2af06b5897339fd/anissa.jpg',     '1999-04-18 12:00:00', false),
  ('user_01HZXYZDE0453', 'SomeUser', '188550',  true, 'https://cdn.intra.42.fr/users/43445ac80da38e73e2af06b5897339fd/anissa.jpg',     '1999-04-18 12:00:00', false),
  ('user_01HZXYZDE0454', 'SomeUser', '188551',  true, 'https://cdn.intra.42.fr/users/43445ac80da38e73e2af06b5897339fd/anissa.jpg',     '1999-04-18 12:00:00', false),
  ('user_01HZXYZDE0455', 'SomeUser', '188552',  true, 'https://cdn.intra.42.fr/users/43445ac80da38e73e2af06b5897339fd/anissa.jpg',     '1999-04-18 12:00:00', false),
  ('user_01HZXYZDE0456', 'SomeUser', '189548',  true, 'https://cdn.intra.42.fr/users/43445ac80da38e73e2af06b5897339fd/anissa.jpg',     '1999-04-18 12:00:00', false),
  ('user_01HZXYZDE0457', 'SomeUser', '288548',  true, 'https://cdn.intra.42.fr/users/43445ac80da38e73e2af06b5897339fd/anissa.jpg',     '1999-04-18 12:00:00', false),
  ('user_01HZXYZDE0458', 'SomeUser', '388548',  true, 'https://cdn.intra.42.fr/users/43445ac80da38e73e2af06b5897339fd/anissa.jpg',     '1999-04-18 12:00:00', false),
  ('user_01HZXYZDE0459', 'SomeUser', '488548',  true, 'https://cdn.intra.42.fr/users/43445ac80da38e73e2af06b5897339fd/anissa.jpg',     '1999-04-18 12:00:00', false),
  ('user_01HZXYZDE1451', 'SomeUser', '588548',  true, 'https://cdn.intra.42.fr/users/43445ac80da38e73e2af06b5897339fd/anissa.jpg',     '1999-04-18 12:00:00', false),
  ('user_01HZXYZDE2451', 'SomeUser', '688548',  true, 'https://cdn.intra.42.fr/users/43445ac80da38e73e2af06b5897339fd/anissa.jpg',     '1999-04-18 12:00:00', false),
  ('user_01HZXYZDE3451', 'SomeUser', '788548',  true, 'https://cdn.intra.42.fr/users/43445ac80da38e73e2af06b5897339fd/anissa.jpg',     '1999-04-18 12:00:00', false),
  ('user_01HZXYZDE4451', 'SomeUser', '888548',  true, 'https://cdn.intra.42.fr/users/43445ac80da38e73e2af06b5897339fd/anissa.jpg',     '1999-04-18 12:00:00', false),
  ('user_01HZXYZDE5451', 'SomeUser', '988548',  true, 'https://cdn.intra.42.fr/users/43445ac80da38e73e2af06b5897339fd/anissa.jpg',     '1999-04-18 12:00:00', false),
  ('user_01HZXYZDE6451', 'SomeUser', '118548',  true, 'https://cdn.intra.42.fr/users/43445ac80da38e73e2af06b5897339fd/anissa.jpg',     '1999-04-18 12:00:00', false),
  ('user_01HZXYZDE7451', 'SomeUser', '128548',  true, 'https://cdn.intra.42.fr/users/43445ac80da38e73e2af06b5897339fd/anissa.jpg',     '1999-04-18 12:00:00', false),
  ('user_01HZXYZDE8451', 'SomeUser', '138548',  true, 'https://cdn.intra.42.fr/users/43445ac80da38e73e2af06b5897339fd/anissa.jpg',     '1999-04-18 12:00:00', false),
  ('user_02HZXYZDE8451', 'SomeUser', '138548',  true, 'https://cdn.intra.42.fr/users/43445ac80da38e73e2af06b5897339fd/anissa.jpg',     '1999-04-18 12:00:00', false),
  ('user_03HZXYZDE8451', 'SomeUser', '138548',  true, 'https://cdn.intra.42.fr/users/43445ac80da38e73e2af06b5897339fd/anissa.jpg',     '1999-04-18 12:00:00', false),
  ('user_04HZXYZDE8451', 'SomeUser', '138548',  true, 'https://cdn.intra.42.fr/users/43445ac80da38e73e2af06b5897339fd/anissa.jpg',     '1999-04-18 12:00:00', false),
  ('user_05HZXYZDE8451', 'SomeUser', '138548',  true, 'https://cdn.intra.42.fr/users/43445ac80da38e73e2af06b5897339fd/anissa.jpg',     '1999-04-18 12:00:00', false),
  ('user_06HZXYZDE8451', 'SomeUser', '138548',  true, 'https://cdn.intra.42.fr/users/43445ac80da38e73e2af06b5897339fd/anissa.jpg',     '1999-04-18 12:00:00', false),
  ('user_07HZXYZDE8451', 'SomeUser', '138548',  true, 'https://cdn.intra.42.fr/users/43445ac80da38e73e2af06b5897339fd/anissa.jpg',     '1999-04-18 12:00:00', false),
  ('user_08HZXYZDE8451', 'SomeUser', '138548',  true, 'https://cdn.intra.42.fr/users/43445ac80da38e73e2af06b5897339fd/anissa.jpg',     '1999-04-18 12:00:00', false),
  ('user_09HZXYZDE8451', 'SomeUser', '138548',  true, 'https://cdn.intra.42.fr/users/43445ac80da38e73e2af06b5897339fd/anissa.jpg',     '1999-04-18 12:00:00', false),
  ('user_11HZXYZDE8451', 'SomeUser', '138548',  true, 'https://cdn.intra.42.fr/users/43445ac80da38e73e2af06b5897339fd/anissa.jpg',     '1999-04-18 12:00:00', false),
  ('user_21HZXYZDE8451', 'SomeUser', '138548',  true, 'https://cdn.intra.42.fr/users/43445ac80da38e73e2af06b5897339fd/anissa.jpg',     '1999-04-18 12:00:00', false),
  ('user_31HZXYZDE8451', 'SomeUser', '138548',  true, 'https://cdn.intra.42.fr/users/43445ac80da38e73e2af06b5897339fd/anissa.jpg',     '1999-04-18 12:00:00', false),
  ('user_41HZXYZDE8451', 'SomeUser', '138548',  true, 'https://cdn.intra.42.fr/users/43445ac80da38e73e2af06b5897339fd/anissa.jpg',     '1999-04-18 12:00:00', false),
  ('user_51HZXYZDE8451', 'SomeUser', '138548',  true, 'https://cdn.intra.42.fr/users/43445ac80da38e73e2af06b5897339fd/anissa.jpg',     '1999-04-18 12:00:00', false),
  ('user_61HZXYZDE8451', 'SomeUser', '138548',  true, 'https://cdn.intra.42.fr/users/43445ac80da38e73e2af06b5897339fd/anissa.jpg',     '1999-04-18 12:00:00', false),
  ('user_71HZXYZDE8451', 'SomeUser', '138548',  true, 'https://cdn.intra.42.fr/users/43445ac80da38e73e2af06b5897339fd/anissa.jpg',     '1999-04-18 12:00:00', false),
  ('user_81HZXYZDE8451', 'SomeUser', '138548',  true, 'https://cdn.intra.42.fr/users/43445ac80da38e73e2af06b5897339fd/anissa.jpg',     '1999-04-18 12:00:00', false),
  ('user_91HZXYZDE8451', 'SomeUser', '138548',  true, 'https://cdn.intra.42.fr/users/43445ac80da38e73e2af06b5897339fd/anissa.jpg',     '1999-04-18 12:00:00', false),
  ('user_10HZXYZDE8451', 'SomeUser', '138548',  true, 'https://cdn.intra.42.fr/users/43445ac80da38e73e2af06b5897339fd/anissa.jpg',     '1999-04-18 12:00:00', false),
  ('user_12HZXYZDE8451', 'SomeUser', '138548',  true, 'https://cdn.intra.42.fr/users/43445ac80da38e73e2af06b5897339fd/anissa.jpg',     '1999-04-18 12:00:00', false),
  ('user_13HZXYZDE8451', 'SomeUser', '138548',  true, 'https://cdn.intra.42.fr/users/43445ac80da38e73e2af06b5897339fd/anissa.jpg',     '1999-04-18 12:00:00', false),
  ('user_14HZXYZDE8451', 'SomeUser', '138548',  true, 'https://cdn.intra.42.fr/users/43445ac80da38e73e2af06b5897339fd/anissa.jpg',     '1999-04-18 12:00:00', false),
  ('user_15HZXYZDE8451', 'SomeUser', '138548',  true, 'https://cdn.intra.42.fr/users/43445ac80da38e73e2af06b5897339fd/anissa.jpg',     '1999-04-18 12:00:00', false),
  ('user_16HZXYZDE8451', 'SomeUser', '138548',  true, 'https://cdn.intra.42.fr/users/43445ac80da38e73e2af06b5897339fd/anissa.jpg',     '1999-04-18 12:00:00', false),
  ('user_17HZXYZDE8451', 'SomeUser', '138548',  true, 'https://cdn.intra.42.fr/users/43445ac80da38e73e2af06b5897339fd/anissa.jpg',     '1999-04-18 12:00:00', false),
  ('user_18HZXYZDE8451', 'SomeUser', '138548',  true, 'https://cdn.intra.42.fr/users/43445ac80da38e73e2af06b5897339fd/anissa.jpg',     '1999-04-18 12:00:00', false),
  ('user_19HZXYZDE8451', 'SomeUser', '138548',  true, 'https://cdn.intra.42.fr/users/43445ac80da38e73e2af06b5897339fd/anissa.jpg',     '1999-04-18 12:00:00', false),
  ('user_22HZXYZDE8451', 'SomeUser', '138548',  true, 'https://cdn.intra.42.fr/users/43445ac80da38e73e2af06b5897339fd/anissa.jpg',     '1999-04-18 12:00:00', false),
  ('user_25HZXYZDE8451', 'SomeUser', '138548',  true, 'https://cdn.intra.42.fr/users/43445ac80da38e73e2af06b5897339fd/anissa.jpg',     '1999-04-18 12:00:00', false),
  ('user_01HZXYZDE0460', 'yoshi',    '78574',  true,  'https://cdn.intra.42.fr/users/dc17821ef0dc39f998f340e9db0fe604/yoshi.jpg',    '2001-04-16 12:00:00', true);

INSERT INTO modules (id, name, version, status, git_url, latest_version, late_commits, last_update)
VALUES
  ('module_01HZXYZDE0420', 'captain-hook', '1.2', 'enabled', 'https://github.com/42nice/captain-hook', '1.7', 5, '2025-04-16 12:00:00'),
  ('module_01HZXYZDE0430', 'adm-stud', '1.5', 'enabled', 'https://github.com/42nice/adm-stud', '1.5', 0, '2025-04-16 12:00:00'),
  ('module_01HZXYZDE0440', 'adm-manager', '1.0', 'enabled', 'https://github.com/42nice/adm-manager', '1.0', 0, '2025-04-16 12:00:00'),
  ('module_01HZXYZDE0450', 'student-info', '1.8', 'enabled', 'https://github.com/42nice/student-info', '1.9', 1, '2025-04-16 12:00:00');


INSERT INTO roles (id, name, color)
VALUES
  ('role_01HZXYZDE0420', 'Student', '0xFFCD70'),
  ('role_01HZXYZDE0430', 'ADM', '0x69DE7A'),
  ('role_01HZXYZDE0440', 'Pedago', '0x86B3E7'),
  ('role_01HZXYZDE0450', 'Cluster', '0x69D2DE'),
  ('role_01HZXYZDE0460', 'Stagiaire', '0x75FFF8'),
  ('role_01HZXYZDE0470', 'IT', '0xF26363');

INSERT INTO user_roles (user_id, role_id)
VALUES
  ('user_01HZXYZDE0420', 'role_01HZXYZDE0460'), -- heinz Stagiaire
  ('user_01HZXYZDE0430', 'role_01HZXYZDE0420'), -- ltcherep student
  ('user_01HZXYZDE0440', 'role_01HZXYZDE0440'), -- tac Pedago
  ('user_01HZXYZDE0440', 'role_01HZXYZDE0430'), -- tac ADM
  ('user_01HZXYZDE0440', 'role_01HZXYZDE0450'), -- tac Cluster
  ('user_01HZXYZDE0440', 'role_01HZXYZDE0470'), -- tac IT
  ('user_01HZXYZDE0460', 'role_01HZXYZDE0440'), -- Yoshi Pedago
  ('user_01HZXYZDE0460', 'role_01HZXYZDE0430'), -- Yoshi ADM
  ('user_01HZXYZDE0460', 'role_01HZXYZDE0450'), -- Yoshi Cluster
  ('user_01HZXYZDE0460', 'role_01HZXYZDE0470'), -- Yoshi IT
  ('user_01HZXYZDE0450', 'role_01HZXYZDE0430'), -- Rose ADM
  ('user_01HZXYZDE0450', 'role_01HZXYZDE0450'), -- Rose Cluster
  ('user_01HZXYZDE0451', 'role_01HZXYZDE0420'), -- SomeUser ADM
  ('user_01HZXYZDE0452', 'role_01HZXYZDE0420'), -- SomeUser ADM
  ('user_01HZXYZDE0453', 'role_01HZXYZDE0420'), -- SomeUser ADM
  ('user_01HZXYZDE0454', 'role_01HZXYZDE0420'), -- SomeUser ADM
  ('user_01HZXYZDE0455', 'role_01HZXYZDE0420'), -- SomeUser ADM
  ('user_01HZXYZDE0456', 'role_01HZXYZDE0420'), -- SomeUser ADM
  ('user_01HZXYZDE0457', 'role_01HZXYZDE0420'), -- SomeUser ADM
  ('user_01HZXYZDE0458', 'role_01HZXYZDE0420'), -- SomeUser ADM
  ('user_01HZXYZDE0459', 'role_01HZXYZDE0420'), -- SomeUser ADM
  ('user_01HZXYZDE1451', 'role_01HZXYZDE0420'), -- SomeUser ADM
  ('user_01HZXYZDE2451', 'role_01HZXYZDE0420'), -- SomeUser ADM
  ('user_01HZXYZDE3451', 'role_01HZXYZDE0420'), -- SomeUser ADM
  ('user_01HZXYZDE4451', 'role_01HZXYZDE0420'), -- SomeUser ADM
  ('user_01HZXYZDE5451', 'role_01HZXYZDE0420'), -- SomeUser ADM
  ('user_01HZXYZDE6451', 'role_01HZXYZDE0420'), -- SomeUser ADM
  ('user_01HZXYZDE7451', 'role_01HZXYZDE0420'), -- SomeUser ADM
  ('user_01HZXYZDE8451', 'role_01HZXYZDE0420'), -- SomeUser ADM
  ('user_02HZXYZDE8451', 'role_01HZXYZDE0420'), -- SomeUser ADM
  ('user_03HZXYZDE8451', 'role_01HZXYZDE0420'), -- SomeUser ADM
  ('user_04HZXYZDE8451', 'role_01HZXYZDE0420'), -- SomeUser ADM
  ('user_05HZXYZDE8451', 'role_01HZXYZDE0420'), -- SomeUser ADM
  ('user_06HZXYZDE8451', 'role_01HZXYZDE0420'), -- SomeUser ADM
  ('user_07HZXYZDE8451', 'role_01HZXYZDE0420'), -- SomeUser ADM
  ('user_08HZXYZDE8451', 'role_01HZXYZDE0420'), -- SomeUser ADM
  ('user_09HZXYZDE8451', 'role_01HZXYZDE0420'), -- SomeUser ADM
  ('user_11HZXYZDE8451', 'role_01HZXYZDE0420'), -- SomeUser ADM
  ('user_21HZXYZDE8451', 'role_01HZXYZDE0420'), -- SomeUser ADM
  ('user_31HZXYZDE8451', 'role_01HZXYZDE0420'), -- SomeUser ADM
  ('user_41HZXYZDE8451', 'role_01HZXYZDE0420'), -- SomeUser ADM
  ('user_51HZXYZDE8451', 'role_01HZXYZDE0420'), -- SomeUser ADM
  ('user_61HZXYZDE8451', 'role_01HZXYZDE0420'), -- SomeUser ADM
  ('user_71HZXYZDE8451', 'role_01HZXYZDE0420'), -- SomeUser ADM
  ('user_81HZXYZDE8451', 'role_01HZXYZDE0420'), -- SomeUser ADM
  ('user_91HZXYZDE8451', 'role_01HZXYZDE0420'), -- SomeUser ADM
  ('user_10HZXYZDE8451', 'role_01HZXYZDE0420'), -- SomeUser ADM
  ('user_12HZXYZDE8451', 'role_01HZXYZDE0420'), -- SomeUser ADM
  ('user_13HZXYZDE8451', 'role_01HZXYZDE0420'), -- SomeUser ADM
  ('user_14HZXYZDE8451', 'role_01HZXYZDE0420'), -- SomeUser ADM
  ('user_15HZXYZDE8451', 'role_01HZXYZDE0420'), -- SomeUser ADM
  ('user_16HZXYZDE8451', 'role_01HZXYZDE0420'), -- SomeUser ADM
  ('user_17HZXYZDE8451', 'role_01HZXYZDE0420'), -- SomeUser ADM
  ('user_18HZXYZDE8451', 'role_01HZXYZDE0420'), -- SomeUser ADM
  ('user_19HZXYZDE8451', 'role_01HZXYZDE0420'), -- SomeUser ADM
  ('user_22HZXYZDE8451', 'role_01HZXYZDE0420'), -- SomeUser ADM
  ('user_25HZXYZDE8451', 'role_01HZXYZDE0420'); -- SomeUser ADM


INSERT INTO module_roles (module_id, role_id)
VALUES
  ('module_01HZXYZDE0420', 'role_01HZXYZDE0450'), -- captaine-hook IT
  ('module_01HZXYZDE0430', 'role_01HZXYZDE0420'), -- adm-stud Student
  ('module_01HZXYZDE0440', 'role_01HZXYZDE0430'), -- adm-manager ADM
  ('module_01HZXYZDE0450', 'role_01HZXYZDE0440'); -- student-info Pedago